order_date,city,delivery_order_count,paused_time_minutes,speed_time_minutes,transit_time_minutes,delivery_distance_meters,average_retail_price,weekday,product,state
2021-01-01,CURITIBA,12,0.7625000000000001,4.155,11.009166666666667,2709.4166666666665,4.172,4,GASOLINA COMUM,PR
2021-01-01,PORTO ALEGRE,77,4.979753086419754,7.069876543209876,19.681851851851853,3426.3333333333335,4.626,4,GASOLINA COMUM,RS
2021-01-01,RIO DE JANEIRO,217,3.880779220779221,7.315281385281385,20.144025974025976,2704.995670995671,4.968,4,GASOLINA COMUM,RJ
2021-01-01,SÃO PAULO,305,11.552848837209302,15.456395348837209,28.905843023255816,3042.404069767442,4.235,4,GASOLINA COMUM,SP
2021-01-02,CURITIBA,156,2.226875,6.6455,13.062812500000001,2914.125,4.172,5,GASOLINA COMUM,PR
2021-01-02,PORTO ALEGRE,142,5.566554054054055,7.637364864864864,17.813243243243242,3404.0,4.626,5,GASOLINA COMUM,RS
2021-01-02,RIO DE JANEIRO,574,10.367076205287713,15.052690513219284,116.57015552099533,2806.2519440124415,4.968,5,GASOLINA COMUM,RJ
2021-01-02,SÃO PAULO,489,5.096718146718146,8.77918918918919,22.39791505791506,2748.7471042471043,4.235,5,GASOLINA COMUM,SP
2021-01-03,CURITIBA,172,2.7153488372093024,6.465348837209302,12.454244186046513,2577.3023255813955,4.239,6,GASOLINA COMUM,PR
2021-01-03,PORTO ALEGRE,153,2.703354037267081,5.264347826086957,56.62049689440994,3567.1490683229813,4.63,6,GASOLINA COMUM,RS
2021-01-03,RIO DE JANEIRO,672,5.0821067821067825,8.874531024531025,211.39606060606062,2775.070707070707,4.984,6,GASOLINA COMUM,RJ
2021-01-03,SÃO PAULO,759,3.695806451612903,7.718038709677419,25.046877419354836,2695.602580645161,4.283,6,GASOLINA COMUM,SP
2021-01-04,CURITIBA,89,2.3226666666666667,7.155222222222222,12.645,2617.5777777777776,4.239,0,GASOLINA COMUM,PR
2021-01-04,PORTO ALEGRE,164,2.619404761904762,4.351309523809523,42.028035714285714,2998.5714285714284,4.63,0,GASOLINA COMUM,RS
2021-01-04,RIO DE JANEIRO,430,4.326244444444444,7.7893333333333326,510.38040000000007,2656.6,4.984,0,GASOLINA COMUM,RJ
2021-01-04,SÃO PAULO,458,3.327478260869565,7.093891304347826,25.039608695652174,5594.791304347826,4.283,0,GASOLINA COMUM,SP
2021-01-05,CURITIBA,95,1.8481250000000002,6.2078125,12.712708333333333,2611.9166666666665,4.239,1,GASOLINA COMUM,PR
2021-01-05,PORTO ALEGRE,130,2.3782352941176472,4.299117647058823,22.725367647058825,3438.529411764706,4.63,1,GASOLINA COMUM,RS
2021-01-05,RIO DE JANEIRO,435,4.684035087719298,8.122763157894736,185.6535745614035,2576.190789473684,4.984,1,GASOLINA COMUM,RJ
2021-01-05,SÃO PAULO,429,4.283840909090909,8.381704545454545,192.96836363636365,2617.518181818182,4.283,1,GASOLINA COMUM,SP
2021-01-06,CURITIBA,78,1.9173076923076924,6.327051282051282,12.609615384615385,2655.102564102564,4.239,2,GASOLINA COMUM,PR
2021-01-06,PORTO ALEGRE,142,4.5537931034482755,6.4431724137931035,18.781724137931032,3256.503448275862,4.63,2,GASOLINA COMUM,RS
2021-01-06,RIO DE JANEIRO,460,4.881666666666666,8.764229166666667,1204.986625,2629.34375,4.984,2,GASOLINA COMUM,RJ
2021-01-06,SÃO PAULO,463,7.7189451476793245,11.608881856540084,27.640675105485233,2688.227848101266,4.283,2,GASOLINA COMUM,SP
2021-01-07,CURITIBA,76,1.5325974025974027,5.547402597402597,13.29103896103896,2727.4285714285716,4.239,3,GASOLINA COMUM,PR
2021-01-07,PORTO ALEGRE,125,2.267244094488189,4.004881889763779,36.228425196850395,3146.527559055118,4.63,3,GASOLINA COMUM,RS
2021-01-07,RIO DE JANEIRO,444,4.399384288747346,8.19452229299363,29.963609341825904,2638.331210191083,4.984,3,GASOLINA COMUM,RJ
2021-01-07,SÃO PAULO,557,5.9417107583774245,9.823580246913581,24.424303350970018,2737.8553791887125,4.283,3,GASOLINA COMUM,SP
2021-01-08,CURITIBA,95,1.938421052631579,5.511894736842105,14.790736842105265,2511.4210526315787,4.239,4,GASOLINA COMUM,PR
2021-01-08,PORTO ALEGRE,175,2.2602717391304346,3.7409239130434786,72.97358695652174,3183.554347826087,4.63,4,GASOLINA COMUM,RS
2021-01-08,RIO DE JANEIRO,514,3.820521415270018,7.564040968342644,171.6863873370577,2625.0391061452515,4.984,4,GASOLINA COMUM,RJ
2021-01-08,SÃO PAULO,635,8.881757575757575,12.452454545454547,22.39607575757576,2771.469696969697,4.283,4,GASOLINA COMUM,SP
2021-01-09,CURITIBA,99,1.9320388349514563,5.448834951456311,13.146601941747573,2932.106796116505,4.239,5,GASOLINA COMUM,PR
2021-01-09,PORTO ALEGRE,134,2.27431654676259,3.9675539568345326,72.06395683453238,3284.179856115108,4.63,5,GASOLINA COMUM,RS
2021-01-09,RIO DE JANEIRO,603,4.147728706624606,8.18794952681388,31.277665615141956,2678.3312302839117,4.984,5,GASOLINA COMUM,RJ
2021-01-09,SÃO PAULO,596,8.286189710610932,12.044935691318328,214.79483922829579,2825.887459807074,4.283,5,GASOLINA COMUM,SP
2021-01-10,CURITIBA,158,2.0752201257861635,5.178238993710692,12.752955974842768,2474.3459119496856,4.301,6,GASOLINA COMUM,PR
2021-01-10,PORTO ALEGRE,158,1.9840123456790124,3.98283950617284,17.375864197530863,3542.8395061728397,4.729,6,GASOLINA COMUM,RS
2021-01-10,RIO DE JANEIRO,664,5.34859799713877,9.633948497854078,23.517210300429184,2982.5565092989987,4.961,6,GASOLINA COMUM,RJ
2021-01-10,SÃO PAULO,723,10.057113665389528,14.292503192848022,176.8787994891443,2617.6500638569605,4.31,6,GASOLINA COMUM,SP
2021-01-11,CURITIBA,99,1.7886000000000002,5.603899999999999,13.9068,2614.31,4.301,0,GASOLINA COMUM,PR
2021-01-11,PORTO ALEGRE,166,4.304176470588236,6.705117647058824,17.02629411764706,3157.735294117647,4.729,0,GASOLINA COMUM,RS
2021-01-11,RIO DE JANEIRO,379,3.8498979591836737,8.008826530612245,31.078137755102038,2653.8979591836733,4.961,0,GASOLINA COMUM,RJ
2021-01-11,SÃO PAULO,466,7.463091286307054,11.304356846473029,54.597717842323654,2662.5871369294605,4.31,0,GASOLINA COMUM,SP
2021-01-12,CURITIBA,95,2.034183673469388,5.576632653061225,15.040510204081633,2792.1020408163267,4.301,1,GASOLINA COMUM,PR
2021-01-12,PORTO ALEGRE,155,2.5321084337349395,4.276506024096386,218.52548192771087,3163.2289156626507,4.729,1,GASOLINA COMUM,RS
2021-01-12,RIO DE JANEIRO,443,3.8838961038961037,8.032012987012987,204.0280735930736,2607.1103896103896,4.961,1,GASOLINA COMUM,RJ
2021-01-12,SÃO PAULO,498,9.867316602316603,13.79992277992278,23.382548262548262,2435.7915057915056,4.31,1,GASOLINA COMUM,SP
2021-01-13,CURITIBA,96,2.3509375,5.514583333333333,14.081770833333332,2811.5208333333335,4.301,2,GASOLINA COMUM,PR
2021-01-13,PORTO ALEGRE,131,1.981654135338346,3.606015037593985,16.009323308270677,3215.1052631578946,4.729,2,GASOLINA COMUM,RS
2021-01-13,RIO DE JANEIRO,493,4.323898635477582,8.329025341130604,214.36877192982456,2698.7504873294347,4.961,2,GASOLINA COMUM,RJ
2021-01-13,SÃO PAULO,462,3.450230125523013,7.420983263598327,270.3229707112971,2611.2594142259413,4.31,2,GASOLINA COMUM,SP
2021-01-14,CURITIBA,89,2.8356521739130436,5.956630434782609,14.47,2946.086956521739,4.301,3,GASOLINA COMUM,PR
2021-01-14,PORTO ALEGRE,121,1.7946341463414635,3.649186991869919,17.812357723577236,3095.6341463414633,4.729,3,GASOLINA COMUM,RS
2021-01-14,RIO DE JANEIRO,433,4.466357466063348,8.528190045248868,84.60477375565613,2574.475113122172,4.961,3,GASOLINA COMUM,RJ
2021-01-14,SÃO PAULO,524,7.122577696526508,11.297586837294332,83.9718281535649,2689.312614259598,4.31,3,GASOLINA COMUM,SP
2021-01-15,CURITIBA,91,2.1346808510638295,5.208404255319149,13.882659574468086,2868.723404255319,4.301,4,GASOLINA COMUM,PR
2021-01-15,PORTO ALEGRE,157,2.259751552795031,4.291428571428571,17.11577639751553,3444.6211180124224,4.729,4,GASOLINA COMUM,RS
2021-01-15,RIO DE JANEIRO,556,3.6674255691768827,7.669124343257443,119.33017513134851,5696.5971978984235,4.961,4,GASOLINA COMUM,RJ
2021-01-15,SÃO PAULO,735,13.980570388349514,18.515473300970875,186.98191747572815,2613.983009708738,4.31,4,GASOLINA COMUM,SP
2021-01-16,CURITIBA,132,2.4076119402985077,5.752238805970149,13.602313432835821,2827.7014925373132,4.301,5,GASOLINA COMUM,PR
2021-01-16,PORTO ALEGRE,197,2.107647058823529,4.145441176470588,454.39382352941175,3299.3186274509803,4.729,5,GASOLINA COMUM,RS
2021-01-16,RIO DE JANEIRO,660,4.911090387374462,9.428880918220948,285.9124103299856,2653.5150645624103,4.961,5,GASOLINA COMUM,RJ
2021-01-16,SÃO PAULO,669,6.547045454545454,10.572017045454546,22.922244318181818,2596.068181818182,4.31,5,GASOLINA COMUM,SP
2021-01-17,CURITIBA,123,1.63552,4.5541599999999995,14.15856,2693.952,4.326,6,GASOLINA COMUM,PR
2021-01-17,PORTO ALEGRE,162,2.324823529411765,4.701352941176471,16.16335294117647,3543.435294117647,4.761,6,GASOLINA COMUM,RS
2021-01-17,RIO DE JANEIRO,723,6.214533844189016,10.552733077905494,326.08298850574715,6004.606641123883,5.015,6,GASOLINA COMUM,RJ
2021-01-17,SÃO PAULO,686,8.226629526462396,12.70608635097493,19.075389972144844,2697.058495821727,4.344,6,GASOLINA COMUM,SP
2021-01-18,CURITIBA,121,4.540403225806451,8.125887096774195,15.495,2624.951612903226,4.326,0,GASOLINA COMUM,PR
2021-01-18,PORTO ALEGRE,132,2.6515789473684213,4.175338345864662,26.836240601503757,3314.0075187969924,4.761,0,GASOLINA COMUM,RS
2021-01-18,RIO DE JANEIRO,503,6.099386973180077,10.433639846743294,54.279731800766285,2656.95785440613,5.015,0,GASOLINA COMUM,RJ
2021-01-18,SÃO PAULO,458,9.82672877846791,14.288053830227744,23.755797101449275,3361.7619047619046,4.344,0,GASOLINA COMUM,SP
2021-01-19,CURITIBA,105,2.1031132075471697,5.498773584905661,12.266132075471699,2427.254716981132,4.326,1,GASOLINA COMUM,PR
2021-01-19,PORTO ALEGRE,114,2.282260869565217,4.195565217391304,14.030347826086956,2946.086956521739,4.761,1,GASOLINA COMUM,RS
2021-01-19,RIO DE JANEIRO,471,5.772093495934959,9.804552845528455,226.90806910569103,2592.10162601626,5.015,1,GASOLINA COMUM,RJ
2021-01-19,SÃO PAULO,445,16.524637362637364,20.991274725274728,28.711692307692307,2592.0307692307692,4.344,1,GASOLINA COMUM,SP
2021-01-20,CURITIBA,92,1.7655913978494622,4.791182795698925,13.501935483870968,2272.9032258064517,4.326,2,GASOLINA COMUM,PR
2021-01-20,PORTO ALEGRE,122,2.1908130081300814,4.059186991869918,15.17382113821138,3264.9024390243903,4.761,2,GASOLINA COMUM,RS
2021-01-20,RIO DE JANEIRO,625,4.7238612368024135,9.233242835595778,31.396696832579185,2724.164404223228,5.015,2,GASOLINA COMUM,RJ
2021-01-20,SÃO PAULO,499,11.358582677165353,15.240157480314961,39.149704724409446,2746.75,4.344,2,GASOLINA COMUM,SP
2021-01-21,CURITIBA,114,2.5351304347826087,5.640173913043478,13.584434782608696,2783.904347826087,4.326,3,GASOLINA COMUM,PR
2021-01-21,PORTO ALEGRE,157,1.9196226415094337,3.5962893081761003,19.563899371069184,2933.635220125786,4.761,3,GASOLINA COMUM,RS
2021-01-21,RIO DE JANEIRO,439,3.36255033557047,7.85261744966443,60.91004474272931,2716.606263982103,5.015,3,GASOLINA COMUM,RJ
2021-01-21,SÃO PAULO,519,35.51298872180451,39.74048872180451,37.864285714285714,2828.716165413534,4.344,3,GASOLINA COMUM,SP
2021-01-22,CURITIBA,122,1.8046456692913386,4.6517322834645665,13.782125984251968,2738.6535433070867,4.326,4,GASOLINA COMUM,PR
2021-01-22,PORTO ALEGRE,165,1.8679393939393938,3.5465454545454542,21.434121212121212,3318.6181818181817,4.761,4,GASOLINA COMUM,RS
2021-01-22,RIO DE JANEIRO,526,4.0721875,8.52125,28.72902573529412,2734.8529411764707,5.015,4,GASOLINA COMUM,RJ
2021-01-22,SÃO PAULO,634,6.328664596273292,10.44503105590062,47.013649068322984,2689.5621118012423,4.344,4,GASOLINA COMUM,SP
2021-01-23,CURITIBA,113,2.516302521008403,5.503109243697479,13.520504201680673,3011.621848739496,4.326,5,GASOLINA COMUM,PR
2021-01-23,PORTO ALEGRE,180,1.8854736842105264,3.765578947368421,21.524105263157896,3904.084210526316,4.761,5,GASOLINA COMUM,RS
2021-01-23,RIO DE JANEIRO,628,6.856177370030582,11.019862385321101,33.28649847094801,2775.512232415902,5.015,5,GASOLINA COMUM,RJ
2021-01-23,SÃO PAULO,604,5.466843800322061,9.343961352657006,25.07966183574879,2613.9790660225444,4.344,5,GASOLINA COMUM,SP
2021-01-24,CURITIBA,133,2.645955882352941,5.197279411764706,13.736029411764704,2610.0367647058824,4.423,6,GASOLINA COMUM,PR
2021-01-24,PORTO ALEGRE,195,2.629909090909091,4.473363636363636,15.111454545454546,3170.8863636363635,4.851,6,GASOLINA COMUM,RS
2021-01-24,RIO DE JANEIRO,669,5.899791376912378,10.38248956884562,29.147802503477052,2844.838664812239,5.091,6,GASOLINA COMUM,RJ
2021-01-24,SÃO PAULO,596,12.821041666666666,16.601650641025643,20.492195512820512,2557.0320512820513,4.392,6,GASOLINA COMUM,SP
2021-01-25,CURITIBA,116,5.399579831932773,8.414537815126051,14.196302521008402,2806.0420168067226,4.423,0,GASOLINA COMUM,PR
2021-01-25,PORTO ALEGRE,138,2.250472972972973,4.264324324324324,30.43885135135135,3225.837837837838,4.851,0,GASOLINA COMUM,RS
2021-01-25,RIO DE JANEIRO,436,5.094627192982457,9.334868421052631,216.51065789473685,2583.3903508771928,5.091,0,GASOLINA COMUM,RJ
2021-01-25,SÃO PAULO,690,12.54010840108401,16.427981029810297,21.63841463414634,2507.7547425474254,4.392,0,GASOLINA COMUM,SP
2021-01-26,CURITIBA,79,2.6079268292682927,5.371951219512195,14.543170731707317,3017.8658536585367,4.423,1,GASOLINA COMUM,PR
2021-01-26,PORTO ALEGRE,91,1.9746739130434785,4.0925,14.912173913043478,3159.6304347826085,4.851,1,GASOLINA COMUM,RS
2021-01-26,RIO DE JANEIRO,387,5.810198511166254,9.865607940446651,47.35908188585608,2775.1414392059555,5.091,1,GASOLINA COMUM,RJ
2021-01-26,SÃO PAULO,374,8.330703125,12.403802083333334,268.1393489583333,2984.8046875,4.392,1,GASOLINA COMUM,SP
2021-01-27,CURITIBA,88,2.1505555555555556,4.992333333333334,14.00511111111111,2590.088888888889,4.423,2,GASOLINA COMUM,PR
2021-01-27,PORTO ALEGRE,106,2.8304545454545456,4.914090909090909,17.902,3086.2181818181816,4.851,2,GASOLINA COMUM,RS
2021-01-27,RIO DE JANEIRO,481,4.390627530364372,8.458785425101215,20.970283400809716,2667.2611336032387,5.091,2,GASOLINA COMUM,RJ
2021-01-27,SÃO PAULO,446,13.627340659340659,17.77035164835165,64.64887912087912,3109.8967032967034,4.392,2,GASOLINA COMUM,SP
2021-01-28,CURITIBA,107,2.2036111111111114,5.359444444444445,16.561666666666667,3360.1388888888887,4.423,3,GASOLINA COMUM,PR
2021-01-28,PORTO ALEGRE,172,2.943446327683616,4.921694915254237,19.897005649717514,3529.7570621468926,4.851,3,GASOLINA COMUM,RS
2021-01-28,RIO DE JANEIRO,486,4.4869498069498075,8.558108108108108,23.546100386100385,2606.7528957528957,5.091,3,GASOLINA COMUM,RJ
2021-01-28,SÃO PAULO,521,13.017453531598514,16.996226765799257,53.44228624535316,2506.1970260223047,4.392,3,GASOLINA COMUM,SP
2021-01-29,CURITIBA,118,2.470168067226891,5.156218487394958,14.57327731092437,2834.983193277311,4.423,4,GASOLINA COMUM,PR
2021-01-29,PORTO ALEGRE,204,2.248086124401914,3.881291866028708,17.053253588516746,3337.6555023923447,4.851,4,GASOLINA COMUM,RS
2021-01-29,RIO DE JANEIRO,612,5.478560371517028,10.462105263157895,37.2125386996904,2707.8668730650156,5.091,4,GASOLINA COMUM,RJ
2021-01-29,SÃO PAULO,721,5.240953020134229,8.897906040268456,25.010510067114097,2778.7530201342283,4.392,4,GASOLINA COMUM,SP
2021-01-30,CURITIBA,110,2.609099099099099,5.405945945945946,14.083873873873873,2691.072072072072,4.423,5,GASOLINA COMUM,PR
2021-01-30,PORTO ALEGRE,182,1.8013297872340424,3.723244680851064,24.581914893617018,3456.925531914894,4.851,5,GASOLINA COMUM,RS
2021-01-30,RIO DE JANEIRO,646,6.721699716713881,11.283271954674222,24.768626062322948,2829.6983002832862,5.091,5,GASOLINA COMUM,RJ
2021-01-30,SÃO PAULO,940,12.577408866995073,16.717980295566502,21.9987881773399,2657.55960591133,4.392,5,GASOLINA COMUM,SP
2021-01-31,CURITIBA,151,3.3726973684210524,5.653552631578948,13.435526315789474,2816.4210526315787,4.499,6,GASOLINA COMUM,PR
2021-01-31,PORTO ALEGRE,134,1.8354814814814815,3.800962962962963,14.705111111111112,3119.037037037037,4.885,6,GASOLINA COMUM,RS
2021-01-31,RIO DE JANEIRO,743,5.451784810126582,9.719569620253164,24.301582278481014,2861.2962025316456,5.179,6,GASOLINA COMUM,RJ
2021-01-31,SÃO PAULO,936,7.4428073770491805,11.546485655737706,21.844774590163933,2666.8627049180327,4.478,6,GASOLINA COMUM,SP
2021-02-01,CURITIBA,111,2.6048648648648647,5.58963963963964,15.271351351351353,2699.288288288288,4.499,0,GASOLINA COMUM,PR
2021-02-01,PORTO ALEGRE,133,3.467080291970803,5.398540145985401,19.827591240875915,3114.6788321167883,4.885,0,GASOLINA COMUM,RS
2021-02-01,RIO DE JANEIRO,461,7.75201581027668,11.98385375494071,237.6154347826087,2703.812252964427,5.179,0,GASOLINA COMUM,RJ
2021-02-01,SÃO PAULO,446,16.15510593220339,20.802118644067797,23.92627118644068,2856.3050847457625,4.478,0,GASOLINA COMUM,SP
2021-02-02,CURITIBA,96,1.861122448979592,4.711734693877551,13.797346938775512,2711.6530612244896,4.499,1,GASOLINA COMUM,PR
2021-02-02,PORTO ALEGRE,149,2.515496688741722,4.799470198675497,16.723708609271526,3434.7615894039736,4.885,1,GASOLINA COMUM,RS
2021-02-02,RIO DE JANEIRO,433,5.455860566448801,9.80755991285403,23.809368191721134,2797.335511982571,5.179,1,GASOLINA COMUM,RJ
2021-02-02,SÃO PAULO,382,24.194811083123426,30.781158690176323,775.272644836272,3421.586901763224,4.478,1,GASOLINA COMUM,SP
2021-02-03,CURITIBA,101,3.509716981132075,6.327075471698113,14.524056603773584,2759.377358490566,4.499,2,GASOLINA COMUM,PR
2021-02-03,PORTO ALEGRE,103,3.9744036697247704,6.054128440366973,20.40394495412844,3332.7155963302753,4.885000000000001,2,GASOLINA COMUM,RS
2021-02-03,RIO DE JANEIRO,351,4.149301075268817,7.990967741935483,49.25983870967742,2547.3844086021504,5.179,2,GASOLINA COMUM,RJ
2021-02-03,SÃO PAULO,369,20.81,26.40174142480211,32.940343007915565,3347.0448548812665,4.478,2,GASOLINA COMUM,SP
2021-02-04,CURITIBA,97,2.914040404040404,5.787878787878788,15.752525252525253,2854.8282828282827,4.499,3,GASOLINA COMUM,PR
2021-02-04,PORTO ALEGRE,137,3.2737857142857143,4.896857142857144,18.178714285714285,3346.2,4.885,3,GASOLINA COMUM,RS
2021-02-04,RIO DE JANEIRO,426,5.076875,9.011964285714287,20.200424107142858,2785.6875,5.179,3,GASOLINA COMUM,RJ
2021-02-04,SÃO PAULO,522,13.775730129390018,19.4662292051756,47.87146025878003,3443.6543438077633,4.478,3,GASOLINA COMUM,SP
2021-02-05,CURITIBA,105,2.183,5.258636363636364,13.073636363636362,2508.4545454545455,4.499,4,GASOLINA COMUM,PR
2021-02-05,PORTO ALEGRE,171,2.995082872928177,4.8281215469613254,440.64591160221,3701.4364640883978,4.885,4,GASOLINA COMUM,RS
2021-02-05,RIO DE JANEIRO,621,12.723497409326425,17.505790155440415,144.02759067357513,2896.4987046632123,5.179,4,GASOLINA COMUM,RJ
2021-02-05,SÃO PAULO,747,13.46348427672956,18.833522012578616,38.690301886792454,3281.904402515723,4.478,4,GASOLINA COMUM,SP
2021-02-06,CURITIBA,98,2.56803738317757,5.772523364485981,12.502242990654207,2735.1495327102803,4.499,5,GASOLINA COMUM,PR
2021-02-06,PORTO ALEGRE,198,2.8888038277511963,4.71244019138756,26.222296650717702,3541.2392344497607,4.885,5,GASOLINA COMUM,RS
2021-02-06,RIO DE JANEIRO,711,11.933513513513514,16.84470035252644,277.30157461809637,2957.915393654524,5.179000000000001,5,GASOLINA COMUM,RJ
2021-02-06,SÃO PAULO,664,12.570358680057387,16.833070301291247,25.234218077474893,2841.938307030129,4.478,5,GASOLINA COMUM,SP
2021-02-07,CURITIBA,132,2.521642857142857,6.175071428571428,13.085857142857142,2787.0642857142857,4.601,6,GASOLINA COMUM,PR
2021-02-07,PORTO ALEGRE,227,2.994291666666667,4.754583333333333,17.977458333333335,3314.4125,4.914,6,GASOLINA COMUM,RS
2021-02-07,RIO DE JANEIRO,798,6.783881578947368,11.378991228070175,159.90418859649122,2912.2554824561403,5.303,6,GASOLINA COMUM,RJ
2021-02-07,SÃO PAULO,833,35.072423900789175,39.564250281848935,22.294205186020292,2782.078917700113,4.551,6,GASOLINA COMUM,SP
2021-02-08,CURITIBA,97,2.4075728155339804,6.213689320388349,14.038543689320388,2766.6796116504856,4.601,0,GASOLINA COMUM,PR
2021-02-08,PORTO ALEGRE,169,3.491104651162791,5.10203488372093,25.86593023255814,3284.9127906976746,4.914,0,GASOLINA COMUM,RS
2021-02-08,RIO DE JANEIRO,424,9.677070707070706,13.888101010101009,24.628626262626263,2811.0343434343436,5.303,0,GASOLINA COMUM,RJ
2021-02-08,SÃO PAULO,465,21.901059063136458,27.36590631364562,25.69364562118126,3146.7413441955196,4.551,0,GASOLINA COMUM,SP
2021-02-09,CURITIBA,92,2.2655208333333334,6.044479166666666,13.041666666666666,2728.2291666666665,4.601,1,GASOLINA COMUM,PR
2021-02-09,PORTO ALEGRE,186,2.7961224489795917,4.367091836734694,47.552959183673465,3266.719387755102,4.914,1,GASOLINA COMUM,RS
2021-02-09,RIO DE JANEIRO,420,4.900901098901098,8.944395604395604,28.80846153846154,2771.654945054945,5.303,1,GASOLINA COMUM,RJ
2021-02-09,SÃO PAULO,463,29.08366459627329,33.322732919254655,28.735776397515526,3021.8343685300206,4.551,1,GASOLINA COMUM,SP
2021-02-10,CURITIBA,107,3.081517857142857,7.078392857142857,14.579642857142858,2822.1339285714284,4.601,2,GASOLINA COMUM,PR
2021-02-10,PORTO ALEGRE,158,2.73685534591195,4.687358490566037,25.60937106918239,3390.182389937107,4.914,2,GASOLINA COMUM,RS
2021-02-10,RIO DE JANEIRO,447,6.961165254237288,11.092923728813558,189.75673728813558,2868.5889830508477,5.303,2,GASOLINA COMUM,RJ
2021-02-10,SÃO PAULO,463,30.988070539419088,35.7354979253112,26.968049792531122,2830.182572614108,4.551,2,GASOLINA COMUM,SP
2021-02-11,CURITIBA,96,3.056831683168317,6.332178217821782,14.858910891089108,2613.4257425742576,4.601,3,GASOLINA COMUM,PR
2021-02-11,PORTO ALEGRE,158,2.9513253012048195,4.73777108433735,19.434156626506024,3410.9518072289156,4.914,3,GASOLINA COMUM,RS
2021-02-11,RIO DE JANEIRO,463,5.985270833333333,10.085125,24.742916666666666,2716.05625,5.303,3,GASOLINA COMUM,RJ
2021-02-11,SÃO PAULO,504,21.848108108108107,26.873648648648647,29.163513513513514,3029.776061776062,4.551,3,GASOLINA COMUM,SP
2021-02-12,CURITIBA,130,3.8086111111111114,7.7693055555555555,14.95611111111111,2817.875,4.601,4,GASOLINA COMUM,PR
2021-02-12,PORTO ALEGRE,174,2.7444505494505496,5.175659340659341,41.49395604395604,3200.263736263736,4.914,4,GASOLINA COMUM,RS
2021-02-12,RIO DE JANEIRO,520,5.678513986013987,10.02701048951049,21.736625874125874,2861.0944055944055,5.303,4,GASOLINA COMUM,RJ
2021-02-12,SÃO PAULO,649,19.606410256410257,24.314886039886037,26.83930199430199,3144.3831908831908,4.551,4,GASOLINA COMUM,SP
2021-02-13,CURITIBA,133,5.817847222222222,9.626319444444444,13.910555555555554,2801.090277777778,4.601,5,GASOLINA COMUM,PR
2021-02-13,PORTO ALEGRE,171,1.9397674418604651,3.6374999999999997,17.766279069767442,3696.6162790697676,4.914,5,GASOLINA COMUM,RS
2021-02-13,RIO DE JANEIRO,596,6.487560240963855,10.94152108433735,23.624683734939758,2886.4081325301204,5.303,5,GASOLINA COMUM,RJ
2021-02-13,SÃO PAULO,704,10.131748998664888,15.17347129506008,26.20052069425901,2801.580774365821,4.551,5,GASOLINA COMUM,SP
2021-02-14,CURITIBA,141,2.1370666666666667,5.725466666666667,15.241333333333332,2727.32,4.662,6,GASOLINA COMUM,PR
2021-02-14,PORTO ALEGRE,106,2.2506542056074768,4.769626168224299,25.05869158878505,3667.467289719626,5.028,6,GASOLINA COMUM,RS
2021-02-14,RIO DE JANEIRO,574,6.634,10.923515625,88.9399375,2916.6,5.267,6,GASOLINA COMUM,RJ
2021-02-14,SÃO PAULO,641,6.8729341317365265,11.033398203592816,20.907380239520958,2795.3532934131736,4.627,6,GASOLINA COMUM,SP
2021-02-15,CURITIBA,132,5.4059440559440555,9.252237762237762,14.255454545454546,2863.2517482517483,4.662,0,GASOLINA COMUM,PR
2021-02-15,PORTO ALEGRE,173,2.2370391061452515,4.19,16.7972625698324,3267.927374301676,5.028,0,GASOLINA COMUM,RS
2021-02-15,RIO DE JANEIRO,520,6.994923076923078,11.860581196581196,23.418393162393162,2852.808547008547,5.267,0,GASOLINA COMUM,RJ
2021-02-15,SÃO PAULO,461,9.09189075630252,16.430189075630253,27.87281512605042,3071.8046218487393,4.627,0,GASOLINA COMUM,SP
2021-02-16,CURITIBA,141,2.691700680272109,6.595374149659864,14.94469387755102,2860.5510204081634,4.662,1,GASOLINA COMUM,PR
2021-02-16,PORTO ALEGRE,194,1.960558375634518,4.581827411167513,28.114517766497464,3580.43654822335,5.028,1,GASOLINA COMUM,RS
2021-02-16,RIO DE JANEIRO,608,9.316443514644352,14.202245467224547,25.38047419804742,2793.276150627615,5.267,1,GASOLINA COMUM,RJ
2021-02-16,SÃO PAULO,486,13.540949494949494,18.844464646464647,22.515636363636364,2933.159595959596,4.627,1,GASOLINA COMUM,SP
2021-02-17,CURITIBA,126,2.5673076923076925,6.469923076923077,15.434538461538462,2673.9846153846156,4.662,2,GASOLINA COMUM,PR
2021-02-17,PORTO ALEGRE,154,2.097948717948718,4.113910256410256,16.585,3326.621794871795,5.028,2,GASOLINA COMUM,RS
2021-02-17,RIO DE JANEIRO,530,6.842117039586919,11.078485370051636,24.054578313253014,2860.2719449225474,5.267,2,GASOLINA COMUM,RJ
2021-02-17,SÃO PAULO,446,19.79294117647059,24.09926977687627,31.611501014198783,3166.9878296146044,4.627,2,GASOLINA COMUM,SP
2021-02-18,CURITIBA,123,2.964318181818182,6.630303030303031,15.904621212121212,3141.287878787879,4.662,3,GASOLINA COMUM,PR
2021-02-18,PORTO ALEGRE,144,2.300890410958904,4.26513698630137,28.023150684931508,3136.082191780822,5.028,3,GASOLINA COMUM,RS
2021-02-18,RIO DE JANEIRO,427,4.372885906040269,8.423400447427293,38.8331096196868,2784.10514541387,5.267,3,GASOLINA COMUM,RJ
2021-02-18,SÃO PAULO,470,15.165362903225807,19.790826612903224,27.78548387096774,2999.3629032258063,4.627,3,GASOLINA COMUM,SP
2021-02-19,CURITIBA,149,2.2683660130718954,6.022222222222222,14.221568627450981,2447.2156862745096,4.662,4,GASOLINA COMUM,PR
2021-02-19,PORTO ALEGRE,177,2.325191256830601,4.194863387978142,25.350765027322403,3158.9398907103823,5.028,4,GASOLINA COMUM,RS
2021-02-19,RIO DE JANEIRO,494,4.58283203125,9.22263671875,39.11267578125,2799.125,5.267,4,GASOLINA COMUM,RJ
2021-02-19,SÃO PAULO,613,8.895101088646967,13.08905132192846,24.86748055987558,2908.5396578538102,4.627,4,GASOLINA COMUM,SP
2021-02-20,CURITIBA,159,1.8805389221556887,5.637844311377245,15.17119760479042,2877.8323353293413,4.662,5,GASOLINA COMUM,PR
2021-02-20,PORTO ALEGRE,218,2.2799559471365636,4.595859030837004,18.131894273127752,3626.1674008810573,5.028,5,GASOLINA COMUM,RS
2021-02-20,RIO DE JANEIRO,601,6.351037037037036,11.211866666666667,105.09531851851851,3054.2933333333335,5.267,5,GASOLINA COMUM,RJ
2021-02-20,SÃO PAULO,662,10.016656976744185,14.563139534883721,23.577936046511628,2883.970930232558,4.627,5,GASOLINA COMUM,SP
2021-02-21,CURITIBA,159,3.0017058823529412,7.149058823529411,12.701705882352941,2491.2,4.94,6,GASOLINA COMUM,PR
2021-02-21,PORTO ALEGRE,172,1.8227840909090909,4.2934090909090905,23.47556818181818,3506.431818181818,5.384,6,GASOLINA COMUM,RS
2021-02-21,RIO DE JANEIRO,695,11.200176211453744,16.814504405286343,26.109008810572686,2966.8006607929515,5.558,6,GASOLINA COMUM,RJ
2021-02-21,SÃO PAULO,669,17.11287323943662,21.240647887323945,26.681957746478872,2925.7676056338028,4.864,6,GASOLINA COMUM,SP
2021-02-22,CURITIBA,104,3.5824107142857144,8.070089285714285,14.363392857142857,12312.32142857143,4.94,0,GASOLINA COMUM,PR
2021-02-22,PORTO ALEGRE,131,2.741194029850746,4.650149253731343,40.983283582089555,3542.2537313432836,5.384,0,GASOLINA COMUM,RS
2021-02-22,RIO DE JANEIRO,421,8.044316239316238,12.721132478632478,36.58188034188034,3150.6773504273506,5.558,0,GASOLINA COMUM,RJ
2021-02-22,SÃO PAULO,431,9.117601809954751,13.476515837104072,27.89081447963801,2847.798642533937,4.864,0,GASOLINA COMUM,SP
2021-02-23,CURITIBA,127,2.126917293233083,6.876616541353384,14.129548872180452,2554.4285714285716,4.94,1,GASOLINA COMUM,PR
2021-02-23,PORTO ALEGRE,146,2.0608724832214764,4.366107382550335,25.37308724832215,3342.4563758389263,5.384,1,GASOLINA COMUM,RS
2021-02-23,RIO DE JANEIRO,407,5.262320185614849,9.530974477958237,38.31879350348028,2772.1484918793503,5.558,1,GASOLINA COMUM,RJ
2021-02-23,SÃO PAULO,432,15.724613686534216,20.022847682119206,155.77022075055189,2872.0883002207506,4.864,1,GASOLINA COMUM,SP
2021-02-24,CURITIBA,120,2.728702290076336,7.104732824427481,15.595496183206107,2633.908396946565,4.94,2,GASOLINA COMUM,PR
2021-02-24,PORTO ALEGRE,139,2.1255944055944056,4.044825174825174,14.838391608391607,3155.4545454545455,5.384,2,GASOLINA COMUM,RS
2021-02-24,RIO DE JANEIRO,439,5.763562231759657,10.038562231759657,401.4044206008584,2896.697424892704,5.558,2,GASOLINA COMUM,RJ
2021-02-24,SÃO PAULO,550,27.611346469622333,33.06935960591133,26.8175697865353,2970.7717569786537,4.864,2,GASOLINA COMUM,SP
2021-02-25,CURITIBA,113,2.414741379310345,7.017241379310345,17.046637931034482,3020.405172413793,4.94,3,GASOLINA COMUM,PR
2021-02-25,PORTO ALEGRE,178,2.675989010989011,4.9108241758241755,47.85164835164835,3179.098901098901,5.384,3,GASOLINA COMUM,RS
2021-02-25,RIO DE JANEIRO,455,6.787544910179641,11.409660678642714,38.669940119760476,2605.0898203592815,5.558,3,GASOLINA COMUM,RJ
2021-02-25,SÃO PAULO,636,47.532342342342346,53.37734234234234,35.69373873873874,3146.5525525525527,4.864,3,GASOLINA COMUM,SP
2021-02-26,CURITIBA,181,4.377093596059113,9.838916256157635,18.031083743842363,2984.8522167487686,4.94,4,GASOLINA COMUM,PR
2021-02-26,PORTO ALEGRE,222,2.584478260869565,5.481999999999999,17.534304347826087,3517.560869565217,5.384,4,GASOLINA COMUM,RS
2021-02-26,RIO DE JANEIRO,580,7.7286093750000004,12.548078125,74.922640625,2824.5140625,5.558,4,GASOLINA COMUM,RJ
2021-02-26,SÃO PAULO,949,27.580647419072616,33.39075240594926,34.45142607174103,3027.350831146107,4.864,4,GASOLINA COMUM,SP
2021-02-27,CURITIBA,184,4.338076923076923,9.168557692307692,15.293365384615385,3000.028846153846,4.9399999999999995,5,GASOLINA COMUM,PR
2021-02-27,PORTO ALEGRE,268,2.4546014492753625,4.656159420289855,16.332789855072466,3345.7608695652175,5.384,5,GASOLINA COMUM,RS
2021-02-27,RIO DE JANEIRO,678,8.313529411764707,13.158522875816994,23.42308496732026,2759.9346405228757,5.558,5,GASOLINA COMUM,RJ
2021-02-27,SÃO PAULO,828,31.678475675675674,37.006302702702705,26.29892972972973,3227.2248648648647,4.864,5,GASOLINA COMUM,SP
2021-02-28,CURITIBA,259,5.86625,10.51452380952381,16.648958333333333,2885.410714285714,5.058,6,GASOLINA COMUM,PR
2021-02-28,PORTO ALEGRE,246,2.1820377358490566,4.621245283018868,179.5476603773585,3617.0943396226417,5.495,6,GASOLINA COMUM,RS
2021-02-28,RIO DE JANEIRO,666,6.566248366013072,11.832575163398692,34.680627450980396,3028.9503267973855,5.775999999999999,6,GASOLINA COMUM,RJ
2021-02-28,SÃO PAULO,816,13.869108695652173,18.340750000000003,54.553000000000004,2781.063043478261,5.021,6,GASOLINA COMUM,SP
2021-03-01,CURITIBA,174,2.7373118279569892,6.579193548387097,17.98037634408602,2747.8924731182797,5.058,0,GASOLINA COMUM,PR
2021-03-01,PORTO ALEGRE,156,2.5549079754601225,4.962515337423313,15.79085889570552,3350.1411042944787,5.495,0,GASOLINA COMUM,RS
2021-03-01,RIO DE JANEIRO,473,6.74984496124031,11.397596899224807,24.48410852713178,2814.9941860465115,5.776,0,GASOLINA COMUM,RJ
2021-03-01,SÃO PAULO,589,51.902132921174655,61.840587326120556,38.335595054095826,2813.338485316847,5.021,0,GASOLINA COMUM,SP
2021-03-02,CURITIBA,148,4.379683544303798,9.174746835443038,17.284556962025317,2665.1139240506327,5.058,1,GASOLINA COMUM,PR
2021-03-02,PORTO ALEGRE,164,2.3520958083832335,4.812395209580838,27.163413173652696,3434.802395209581,5.495,1,GASOLINA COMUM,RS
2021-03-02,RIO DE JANEIRO,458,6.4788367346938776,10.744387755102041,39.76532653061225,2914.7326530612245,5.776,1,GASOLINA COMUM,RJ
2021-03-02,SÃO PAULO,517,16.35983455882353,22.88185661764706,35.323602941176475,2905.1488970588234,5.021,1,GASOLINA COMUM,SP
2021-03-03,CURITIBA,167,3.8327127659574467,8.543617021276596,16.815904255319147,2869.1063829787236,5.058,2,GASOLINA COMUM,PR
2021-03-03,PORTO ALEGRE,171,2.934219653179191,5.484797687861271,15.459999999999999,3085.3468208092486,5.495,2,GASOLINA COMUM,RS
2021-03-03,RIO DE JANEIRO,457,5.128301886792452,9.01132075471698,25.04155136268344,2571.249475890985,5.776,2,GASOLINA COMUM,RJ
2021-03-03,SÃO PAULO,538,15.936765217391303,20.159130434782607,32.64970434782609,2908.8208695652174,5.021,2,GASOLINA COMUM,SP
2021-03-04,CURITIBA,146,2.5919078947368424,6.352631578947369,14.358947368421052,2854.3552631578946,5.058,3,GASOLINA COMUM,PR
2021-03-04,PORTO ALEGRE,173,2.3226857142857145,4.6493142857142855,18.09022857142857,3528.84,5.495,3,GASOLINA COMUM,RS
2021-03-04,RIO DE JANEIRO,443,4.982638297872341,9.549,141.63140425531913,2629.01914893617,5.776,3,GASOLINA COMUM,RJ
2021-03-04,SÃO PAULO,578,21.337072758037223,26.37206429780034,39.52064297800339,3179.642978003384,5.021,3,GASOLINA COMUM,SP
2021-03-05,CURITIBA,169,3.9948704663212435,8.386113989637305,15.24917098445596,3022.984455958549,5.058,4,GASOLINA COMUM,PR
2021-03-05,PORTO ALEGRE,228,2.8346521739130437,5.498956521739131,20.26813043478261,3496.9,5.495000000000001,4,GASOLINA COMUM,RS
2021-03-05,RIO DE JANEIRO,631,6.787833089311859,11.312825768667642,56.779692532942896,2796.696925329429,5.776,4,GASOLINA COMUM,RJ
2021-03-05,SÃO PAULO,950,10.900172910662825,15.874159462055715,26.411402497598463,3075.398655139289,5.021,4,GASOLINA COMUM,SP
2021-03-06,CURITIBA,173,2.176141304347826,6.1608152173913036,21.665978260869565,3167.7934782608695,5.058,5,GASOLINA COMUM,PR
2021-03-06,PORTO ALEGRE,258,2.5978867924528304,4.793094339622642,17.655886792452833,3689.098113207547,5.495,5,GASOLINA COMUM,RS
2021-03-06,RIO DE JANEIRO,671,8.946894736842106,13.512723684210526,47.153171052631585,2686.8105263157895,5.776000000000001,5,GASOLINA COMUM,RJ
2021-03-06,SÃO PAULO,1055,20.987548790007807,25.383122560499608,58.59053083528494,2757.6502732240438,5.021,5,GASOLINA COMUM,SP
2021-03-07,CURITIBA,274,3.984622093023256,9.208023255813954,15.998372093023255,3157.529069767442,5.284,6,GASOLINA COMUM,PR
2021-03-07,PORTO ALEGRE,228,2.5715450643776823,5.1721888412017165,22.069656652360518,3709.9442060085835,5.730999999999999,6,GASOLINA COMUM,RS
2021-03-07,RIO DE JANEIRO,707,8.535354239256678,13.459849012775843,89.8348780487805,2829.5946573751453,5.984,6,GASOLINA COMUM,RJ
2021-03-07,SÃO PAULO,982,7.3621491228070175,12.046201754385965,20.259736842105262,2621.242105263158,5.209,6,GASOLINA COMUM,SP
2021-03-08,CURITIBA,198,3.155733944954129,7.7738532110091745,18.436651376146788,2952.7247706422017,5.284,0,GASOLINA COMUM,PR
2021-03-08,PORTO ALEGRE,185,3.0280104712041886,5.9365445026178,21.77350785340314,3858.30890052356,5.730999999999999,0,GASOLINA COMUM,RS
2021-03-08,RIO DE JANEIRO,561,8.02443365695793,13.012540453074434,28.52556634304207,2921.304207119741,5.984,0,GASOLINA COMUM,RJ
2021-03-08,SÃO PAULO,858,13.58585287846482,17.979029850746265,23.886087420042646,2929.9626865671644,5.209,0,GASOLINA COMUM,SP
2021-03-09,CURITIBA,173,3.0198918918918918,8.182486486486486,19.41118918918919,3125.789189189189,5.284,1,GASOLINA COMUM,PR
2021-03-09,PORTO ALEGRE,177,2.607377049180328,4.944426229508197,27.641311475409836,3623.5464480874316,5.731,1,GASOLINA COMUM,RS
2021-03-09,RIO DE JANEIRO,475,7.634657534246576,11.895499021526419,45.45630136986301,2747.101761252446,5.984,1,GASOLINA COMUM,RJ
2021-03-09,SÃO PAULO,750,12.8432,17.13105806451613,138.916,2676.6670967741934,5.209,1,GASOLINA COMUM,SP
2021-03-10,CURITIBA,201,6.923451327433629,12.580398230088496,16.5170796460177,2911.548672566372,5.284,2,GASOLINA COMUM,PR
2021-03-10,PORTO ALEGRE,202,2.714444444444444,5.089806763285024,18.293864734299518,3944.5169082125603,5.731,2,GASOLINA COMUM,RS
2021-03-10,RIO DE JANEIRO,453,6.382696390658174,10.497473460721869,22.072993630573247,2727.144373673036,5.984,2,GASOLINA COMUM,RJ
2021-03-10,SÃO PAULO,785,11.648365617433413,16.77305084745763,22.528607748184022,2666.2929782082324,5.209,2,GASOLINA COMUM,SP
2021-03-11,CURITIBA,182,3.905846153846154,9.588820512820513,15.012256410256409,3240.923076923077,5.284,3,GASOLINA COMUM,PR
2021-03-11,PORTO ALEGRE,174,2.029715909090909,4.261363636363637,16.851988636363636,3637.125,5.731,3,GASOLINA COMUM,RS
2021-03-11,RIO DE JANEIRO,521,6.2342342342342345,10.970090090090089,44.679027027027026,2817.318918918919,5.984,3,GASOLINA COMUM,RJ
2021-03-11,SÃO PAULO,842,10.021760644418872,18.44487917146145,30.0280667433832,2922.315304948216,5.2090000000000005,3,GASOLINA COMUM,SP
2021-03-12,CURITIBA,261,7.783720136518772,13.965255972696246,18.5401023890785,3312.7098976109214,5.284,4,GASOLINA COMUM,PR
2021-03-12,PORTO ALEGRE,231,3.026401673640167,6.03305439330544,17.812050209205022,3688.351464435146,5.731,4,GASOLINA COMUM,RS
2021-03-12,RIO DE JANEIRO,574,7.328399339933994,12.163003300330033,43.477343234323435,2985.5973597359734,5.984,4,GASOLINA COMUM,RJ
2021-03-12,SÃO PAULO,1181,13.918522167487684,19.84050082101806,32.64270935960591,3090.713464696223,5.209,4,GASOLINA COMUM,SP
2021-03-13,CURITIBA,247,6.272743055555555,11.671805555555556,14.104791666666666,3037.9270833333335,5.284,5,GASOLINA COMUM,PR
2021-03-13,PORTO ALEGRE,245,2.358582995951417,5.314858299595142,18.66502024291498,3595.2591093117408,5.731,5,GASOLINA COMUM,RS
2021-03-13,RIO DE JANEIRO,675,6.896084010840109,11.936964769647696,108.76779132791327,2835.737127371274,5.984,5,GASOLINA COMUM,RJ
2021-03-13,SÃO PAULO,1197,8.415266175266174,12.657764127764127,36.156789516789516,2849.123669123669,5.209,5,GASOLINA COMUM,SP
2021-03-14,CURITIBA,232,3.928217054263566,8.30406976744186,16.85794573643411,4660.480620155039,5.36,6,GASOLINA COMUM,PR
2021-03-14,PORTO ALEGRE,169,1.763559322033898,4.566101694915255,19.899830508474576,3815.0282485875705,5.814,6,GASOLINA COMUM,RS
2021-03-14,RIO DE JANEIRO,695,7.520127713920818,11.736168582375479,124.26137931034484,2860.5721583652617,6.086000000000001,6,GASOLINA COMUM,RJ
2021-03-14,SÃO PAULO,1043,5.543061979648474,9.984338575393155,25.841248843663273,2576.290471785384,5.318,6,GASOLINA COMUM,SP
2021-03-15,CURITIBA,188,4.540289855072464,9.360869565217392,17.366908212560386,3173.623188405797,5.36,0,GASOLINA COMUM,PR
2021-03-15,PORTO ALEGRE,160,4.365337423312883,8.176687116564416,18.8919018404908,3788.0613496932515,5.814,0,GASOLINA COMUM,RS
2021-03-15,RIO DE JANEIRO,562,9.603450920245399,14.908742331288343,22.207530674846623,2678.7960122699387,6.086,0,GASOLINA COMUM,RJ
2021-03-15,SÃO PAULO,844,33.57927374301676,38.53452513966481,37.42341899441341,3324.2480446927375,5.318,0,GASOLINA COMUM,SP
2021-03-16,CURITIBA,202,3.190657276995305,8.51924882629108,16.088826291079812,3014.2065727699533,5.36,1,GASOLINA COMUM,PR
2021-03-16,PORTO ALEGRE,218,3.3749557522123896,6.960973451327434,30.408185840707965,4523.194690265486,5.814,1,GASOLINA COMUM,RS
2021-03-16,RIO DE JANEIRO,539,7.983602058319039,12.57427101200686,26.453104631217837,3033.2315608919384,6.086,1,GASOLINA COMUM,RJ
2021-03-16,SÃO PAULO,924,13.50677720207254,19.56897409326425,34.720818652849744,3637.3088082901554,5.318,1,GASOLINA COMUM,SP
2021-03-17,CURITIBA,212,2.308721461187215,7.294566210045662,15.495753424657535,3291.246575342466,5.36,2,GASOLINA COMUM,PR
2021-03-17,PORTO ALEGRE,164,3.7762790697674418,7.060872093023256,31.931627906976743,4500.366279069767,5.814,2,GASOLINA COMUM,RS
2021-03-17,RIO DE JANEIRO,491,5.881444652908067,10.12748592870544,84.18649155722326,3137.8630393996245,6.086,2,GASOLINA COMUM,RJ
2021-03-17,SÃO PAULO,952,18.786463536463536,24.726303696303695,63.69005994005994,3858.352647352647,5.318,2,GASOLINA COMUM,SP
2021-03-18,CURITIBA,247,3.3702325581395347,8.315077519379845,16.961162790697674,3108.0348837209303,5.36,3,GASOLINA COMUM,PR
2021-03-18,PORTO ALEGRE,211,4.885520361990951,9.957828054298641,25.50597285067873,4400.4524886877825,5.814,3,GASOLINA COMUM,RS
2021-03-18,RIO DE JANEIRO,548,8.289420783645657,12.797751277683135,36.799965928449744,3054.487223168654,6.086,3,GASOLINA COMUM,RJ
2021-03-18,SÃO PAULO,1057,17.97274021352313,24.266201067615658,51.48692170818506,3226.433274021352,5.318,3,GASOLINA COMUM,SP
2021-03-19,CURITIBA,260,4.645166051660516,10.002767527675276,17.878228782287824,3135.457564575646,5.36,4,GASOLINA COMUM,PR
2021-03-19,PORTO ALEGRE,270,3.1077777777777778,6.38168458781362,25.60043010752688,3766.935483870968,5.814,4,GASOLINA COMUM,RS
2021-03-19,RIO DE JANEIRO,636,10.389078014184397,14.808780141843972,28.64655319148936,3031.7290780141843,6.086,4,GASOLINA COMUM,RJ
2021-03-19,SÃO PAULO,1405,20.22109079033312,26.527073807968645,80.32522534291313,3396.829523187459,5.318,4,GASOLINA COMUM,SP
2021-03-20,CURITIBA,273,4.057302631578947,8.53486842105263,16.255953947368422,3181.5888157894738,5.36,5,GASOLINA COMUM,PR
2021-03-20,PORTO ALEGRE,284,2.86097972972973,5.844628378378379,251.10760135135132,3807.983108108108,5.814,5,GASOLINA COMUM,RS
2021-03-20,RIO DE JANEIRO,764,8.048382352941177,12.697692307692307,25.241323529411765,3167.891402714932,6.086,5,GASOLINA COMUM,RJ
2021-03-20,SÃO PAULO,1366,16.60263604240283,22.274925795053004,73.62958303886926,3562.4296819787987,5.318,5,GASOLINA COMUM,SP
2021-03-21,CURITIBA,328,4.886702127659575,9.984335106382979,16.63311170212766,3308.843085106383,5.337,6,GASOLINA COMUM,PR
2021-03-21,PORTO ALEGRE,240,2.1195884773662548,4.928436213991769,18.244773662551438,3524.8765432098767,5.711,6,GASOLINA COMUM,RS
2021-03-21,RIO DE JANEIRO,692,6.127953667953668,10.735096525096525,27.055328185328182,2941.996138996139,6.131,6,GASOLINA COMUM,RJ
2021-03-21,SÃO PAULO,1160,10.266900337837837,15.694628378378377,30.974451013513512,3191.876689189189,5.308,6,GASOLINA COMUM,SP
2021-03-22,CURITIBA,231,15.88913223140496,23.07293388429752,14.020826446280992,2806.5413223140495,5.337,0,GASOLINA COMUM,PR
2021-03-22,PORTO ALEGRE,191,3.7278061224489796,7.621938775510205,19.15010204081633,3781.841836734694,5.711,0,GASOLINA COMUM,RS
2021-03-22,RIO DE JANEIRO,462,6.890881763527054,11.717354709418839,104.39378757515031,2923.763527054108,6.131,0,GASOLINA COMUM,RJ
2021-03-22,SÃO PAULO,828,19.17076124567474,28.645570934256053,162.28476355247983,4250.168396770473,5.308,0,GASOLINA COMUM,SP
2021-03-23,CURITIBA,208,2.9472350230414746,8.590921658986176,17.913087557603685,3119.0552995391704,5.337,1,GASOLINA COMUM,PR
2021-03-23,PORTO ALEGRE,173,2.2763428571428572,4.3016,25.86514285714286,3584.714285714286,5.711,1,GASOLINA COMUM,RS
2021-03-23,RIO DE JANEIRO,464,7.90953722334004,18.586700201207243,27.26010060362173,3097.7323943661972,6.131,1,GASOLINA COMUM,RJ
2021-03-23,SÃO PAULO,1109,14.676332453825859,23.28764291996482,87.44542656112577,3021.220756376429,5.308,1,GASOLINA COMUM,SP
2021-03-24,CURITIBA,188,8.56510101010101,15.453383838383838,15.668131313131314,3214.030303030303,5.337,2,GASOLINA COMUM,PR
2021-03-24,PORTO ALEGRE,127,1.9880303030303033,4.946818181818182,472.8597727272727,3253.6060606060605,5.711,2,GASOLINA COMUM,RS
2021-03-24,RIO DE JANEIRO,500,10.80976320582878,17.273114754098362,22.8763752276867,3275.664845173042,6.131,2,GASOLINA COMUM,RJ
2021-03-24,SÃO PAULO,1061,32.53477460901564,40.02114075436983,30.406154553817846,3117.2189512419504,5.308,2,GASOLINA COMUM,SP
2021-03-25,CURITIBA,224,19.74839826839827,26.985151515151514,16.824978354978356,3239.5411255411254,5.337,3,GASOLINA COMUM,PR
2021-03-25,PORTO ALEGRE,217,6.8893273542600895,9.879999999999999,19.042825112107625,3675.2107623318384,5.711,3,GASOLINA COMUM,RS
2021-03-25,RIO DE JANEIRO,506,7.532590579710145,12.86626811594203,85.31621376811593,3053.978260869565,6.131,3,GASOLINA COMUM,RJ
2021-03-25,SÃO PAULO,1153,21.442303797468355,28.425265822784812,37.70356962025317,3424.2835443037975,5.308,3,GASOLINA COMUM,SP
2021-03-26,CURITIBA,285,10.341278688524591,15.806491803278687,19.750098360655738,3281.9409836065574,5.337,4,GASOLINA COMUM,PR
2021-03-26,PORTO ALEGRE,294,3.116019736842105,5.940855263157895,187.73404605263158,3459.9868421052633,5.711,4,GASOLINA COMUM,RS
2021-03-26,RIO DE JANEIRO,784,10.849233490566037,16.054268867924527,208.5707075471698,3070.669811320755,6.130999999999999,4,GASOLINA COMUM,RJ
2021-03-26,SÃO PAULO,1470,27.659612860892388,32.361988188976376,37.415564304461945,2874.946850393701,5.308,4,GASOLINA COMUM,SP
2021-03-27,CURITIBA,313,18.03776811594203,25.126753623188403,21.933739130434784,3530.336231884058,5.337,5,GASOLINA COMUM,PR
2021-03-27,PORTO ALEGRE,322,4.483727272727273,8.605333333333334,20.82078787878788,3899.769696969697,5.711,5,GASOLINA COMUM,RS
2021-03-27,RIO DE JANEIRO,988,34.25191433566434,41.8343006993007,121.98804195804196,3184.2333916083917,6.131,5,GASOLINA COMUM,RJ
2021-03-27,SÃO PAULO,1449,26.919416890080427,33.673800268096514,73.88174262734584,2772.8552278820375,5.308,5,GASOLINA COMUM,SP
2021-03-28,CURITIBA,310,12.949774647887324,18.806901408450702,19.565549295774648,3857.112676056338,5.227,6,GASOLINA COMUM,PR
2021-03-28,PORTO ALEGRE,211,2.5751851851851852,5.268240740740741,233.5910185185185,3550.6574074074074,5.475,6,GASOLINA COMUM,RS
2021-03-28,RIO DE JANEIRO,773,8.511978922716628,13.538091334894615,28.467423887587824,3002.3524590163934,6.102,6,GASOLINA COMUM,RJ
2021-03-28,SÃO PAULO,1264,4.949327146171694,9.531345707656612,87.6582675947409,2690.30626450116,5.237,6,GASOLINA COMUM,SP
2021-03-29,CURITIBA,265,42.47323741007194,49.88863309352518,25.265755395683453,5207.651079136691,5.227,0,GASOLINA COMUM,PR
2021-03-29,PORTO ALEGRE,136,9.554379562043795,12.564160583941606,17.17160583941606,3604.6131386861316,5.475,0,GASOLINA COMUM,RS
2021-03-29,RIO DE JANEIRO,663,76.53678899082568,92.81199213630407,43.613184796854526,3539.3276539973785,6.102,0,GASOLINA COMUM,RJ
2021-03-29,SÃO PAULO,972,45.14242273180459,54.24703888334995,72.28803589232302,3225.1994017946163,5.237,0,GASOLINA COMUM,SP
2021-03-30,CURITIBA,263,37.95936842105263,55.11631578947368,34.685298245614035,3890.0877192982457,5.227,1,GASOLINA COMUM,PR
2021-03-30,PORTO ALEGRE,186,2.782198952879581,5.223298429319372,39.55094240837696,3486.502617801047,5.475,1,GASOLINA COMUM,RS
2021-03-30,RIO DE JANEIRO,814,72.30640706126688,92.26795430944964,28.614195223260644,3343.599169262721,6.102,1,GASOLINA COMUM,RJ
2021-03-30,SÃO PAULO,1138,21.4854974271012,27.09694682675815,56.53775300171527,2772.3224699828475,5.237,1,GASOLINA COMUM,SP
2021-03-31,CURITIBA,266,39.97334507042254,48.08426056338028,31.197887323943664,3978.394366197183,5.227,2,GASOLINA COMUM,PR
2021-03-31,PORTO ALEGRE,209,4.638104265402844,8.821943127962086,45.54374407582938,3460.099526066351,5.475,2,GASOLINA COMUM,RS
2021-03-31,RIO DE JANEIRO,860,30.43253125,41.086656250000004,41.287166666666664,3552.709375,6.102,2,GASOLINA COMUM,RJ
2021-03-31,SÃO PAULO,1317,19.109147516679023,26.060926612305412,78.42949592290586,2851.4899925871014,5.237,2,GASOLINA COMUM,SP
2021-04-01,CURITIBA,263,38.837789855072465,47.80960144927536,47.53507246376812,4174.31884057971,5.227,3,GASOLINA COMUM,PR
2021-04-01,PORTO ALEGRE,209,3.154158878504673,6.699719626168224,82.46046728971963,3640.6728971962616,5.475,3,GASOLINA COMUM,RS
2021-04-01,RIO DE JANEIRO,964,27.68201537147737,43.539111870196415,158.2076515798463,3690.6874466268146,6.102,3,GASOLINA COMUM,RJ
2021-04-01,SÃO PAULO,1400,31.67893572909468,41.41194885970974,70.1375397373877,3258.9820317899103,5.237,3,GASOLINA COMUM,SP
2021-04-02,CURITIBA,263,14.136285714285714,21.427357142857144,38.64096428571428,7817.317857142857,5.227,4,GASOLINA COMUM,PR
2021-04-02,PORTO ALEGRE,167,3.887183908045977,8.258563218390805,1134.1403448275862,3856.603448275862,5.475,4,GASOLINA COMUM,RS
2021-04-02,RIO DE JANEIRO,879,22.72570545829042,28.79577754891864,159.33269824922758,3218.878475798146,6.102,4,GASOLINA COMUM,RJ
2021-04-02,SÃO PAULO,1396,29.19027027027027,34.03182952182952,90.12104643104642,3092.7567567567567,5.237,4,GASOLINA COMUM,SP
2021-04-03,CURITIBA,266,17.709202898550725,25.096123188405794,32.20884057971014,4514.880434782609,5.227,5,GASOLINA COMUM,PR
2021-04-03,PORTO ALEGRE,234,3.2145454545454544,6.93305785123967,53.796404958677684,3937.938016528926,5.475,5,GASOLINA COMUM,RS
2021-04-03,RIO DE JANEIRO,925,11.813028515240905,19.022822025565386,37.575024582104234,3338.873156342183,6.102,5,GASOLINA COMUM,RJ
2021-04-03,SÃO PAULO,1402,22.733661087866107,27.79273361227336,96.23432357043235,3055.6297071129707,5.237,5,GASOLINA COMUM,SP
2021-04-04,CURITIBA,164,3.2045505617977526,7.946179775280899,15.159438202247191,3414.2134831460676,5.161,6,GASOLINA COMUM,PR
2021-04-04,PORTO ALEGRE,210,1.8439170506912441,4.3742857142857146,88.78271889400921,3453.230414746544,5.531,6,GASOLINA COMUM,RS
2021-04-04,RIO DE JANEIRO,855,7.172321814254859,12.056198704103673,48.85051835853132,3147.1047516198705,6.007,6,GASOLINA COMUM,RJ
2021-04-04,SÃO PAULO,1209,10.896585956416466,14.462380952380952,35.315173527037935,2805.724778046812,5.223,6,GASOLINA COMUM,SP
2021-04-05,CURITIBA,148,3.5031612903225806,8.517548387096774,16.771548387096775,3302.1290322580644,5.161,0,GASOLINA COMUM,PR
2021-04-05,PORTO ALEGRE,116,1.6915254237288135,4.026271186440678,43.77584745762712,3173.084745762712,5.531,0,GASOLINA COMUM,RS
2021-04-05,RIO DE JANEIRO,573,24.886802507836993,33.32615987460815,97.2960815047022,3648.923197492163,6.007,0,GASOLINA COMUM,RJ
2021-04-05,SÃO PAULO,816,26.549917257683216,31.05437352245863,46.15776595744681,3590.2139479905436,5.222999999999999,0,GASOLINA COMUM,SP
2021-04-06,CURITIBA,154,10.328301886792453,16.88201257861635,36.79,3452.2012578616354,5.161,1,GASOLINA COMUM,PR
2021-04-06,PORTO ALEGRE,140,3.6088194444444444,6.773402777777778,76.64284722222222,3723.0694444444443,5.531,1,GASOLINA COMUM,RS
2021-04-06,RIO DE JANEIRO,522,12.997643884892085,18.026654676258993,121.63401079136689,3483.4748201438847,6.007,1,GASOLINA COMUM,RJ
2021-04-06,SÃO PAULO,824,16.28675458715596,23.278337155963303,63.87584862385321,3075.243119266055,5.223,1,GASOLINA COMUM,SP
2021-04-07,CURITIBA,133,2.6185714285714288,7.716530612244897,36.290136054421765,3614.4353741496598,5.161,2,GASOLINA COMUM,PR
2021-04-07,PORTO ALEGRE,174,2.8225988700564972,5.758361581920904,27.627909604519772,3622.909604519774,5.531,2,GASOLINA COMUM,RS
2021-04-07,RIO DE JANEIRO,632,11.35074074074074,17.976814814814816,221.33065185185185,3183.254814814815,6.007,2,GASOLINA COMUM,RJ
2021-04-07,SÃO PAULO,1012,15.045668912415785,25.129817131857557,38.63323387872955,3306.330125120308,5.223,2,GASOLINA COMUM,SP
2021-04-08,CURITIBA,150,2.4456521739130435,7.607763975155279,17.24546583850932,3135.2981366459626,5.161,3,GASOLINA COMUM,PR
2021-04-08,PORTO ALEGRE,160,1.8761728395061728,4.598024691358025,15.471666666666666,3569.9444444444443,5.531,3,GASOLINA COMUM,RS
2021-04-08,RIO DE JANEIRO,637,6.062794759825328,15.000203784570596,35.00947598253275,3094.981077147016,6.007000000000001,3,GASOLINA COMUM,RJ
2021-04-08,SÃO PAULO,922,10.703478723404256,19.048595744680853,41.29685106382979,3166.8063829787234,5.223,3,GASOLINA COMUM,SP
2021-04-09,CURITIBA,197,3.211643192488263,8.582769953051644,17.546948356807512,3382.887323943662,5.161,4,GASOLINA COMUM,PR
2021-04-09,PORTO ALEGRE,278,2.476689895470383,4.980696864111499,23.05439024390244,3680.97212543554,5.531,4,GASOLINA COMUM,RS
2021-04-09,RIO DE JANEIRO,631,6.035701492537314,10.869537313432836,30.25392537313433,2929.823880597015,6.007,4,GASOLINA COMUM,RJ
2021-04-09,SÃO PAULO,1200,6.42556464811784,10.880302782324058,21.89279050736498,2959.990998363339,5.223,4,GASOLINA COMUM,SP
2021-04-10,CURITIBA,235,5.377175572519084,10.647748091603054,17.581641221374046,3278.2862595419847,5.161,5,GASOLINA COMUM,PR
2021-04-10,PORTO ALEGRE,255,3.076051660516605,5.856494464944649,236.29892988929888,3546.8966789667898,5.531,5,GASOLINA COMUM,RS
2021-04-10,RIO DE JANEIRO,708,7.915344603381014,12.809167750325097,24.385773732119635,2981.810143042913,6.007,5,GASOLINA COMUM,RJ
2021-04-10,SÃO PAULO,1364,6.283905579399141,10.394978540772533,20.030050071530756,2907.9327610872674,5.223,5,GASOLINA COMUM,SP
2021-04-11,CURITIBA,251,3.4116961130742047,8.116678445229683,14.982084805653711,3001.60777385159,5.176,6,GASOLINA COMUM,PR
2021-04-11,PORTO ALEGRE,250,1.8766666666666667,4.879444444444444,17.442857142857143,3841.3650793650795,5.544,6,GASOLINA COMUM,RS
2021-04-11,RIO DE JANEIRO,745,7.540521844660194,12.404611650485437,31.386868932038833,2776.3701456310678,6.016,6,GASOLINA COMUM,RJ
2021-04-11,SÃO PAULO,1189,4.299054276315789,8.587055921052633,20.006060855263158,2731.6792763157896,5.206,6,GASOLINA COMUM,SP
2021-04-12,CURITIBA,147,2.2721153846153848,6.704807692307693,16.33551282051282,2951.397435897436,5.176,0,GASOLINA COMUM,PR
2021-04-12,PORTO ALEGRE,148,2.0659740259740262,4.2533766233766235,17.32025974025974,3261.694805194805,5.544,0,GASOLINA COMUM,RS
2021-04-12,RIO DE JANEIRO,424,7.2666287015945334,12.53619589977221,20.225193621867884,3067.5626423690205,6.016,0,GASOLINA COMUM,RJ
2021-04-12,SÃO PAULO,788,15.811556372549019,20.25672794117647,20.89296568627451,3006.341911764706,5.206,0,GASOLINA COMUM,SP
2021-04-13,CURITIBA,121,2.4041860465116276,8.30031007751938,15.594108527131784,3121.31007751938,5.176,1,GASOLINA COMUM,PR
2021-04-13,PORTO ALEGRE,141,1.5548275862068965,4.020758620689655,26.664689655172413,3764.9103448275864,5.544,1,GASOLINA COMUM,RS
2021-04-13,RIO DE JANEIRO,402,10.367671232876713,15.9,86.49986301369863,3244.755707762557,6.015999999999999,1,GASOLINA COMUM,RJ
2021-04-13,SÃO PAULO,723,13.450468540829986,19.4580187416332,45.63439089692102,3199.9973226238285,5.206,1,GASOLINA COMUM,SP
2021-04-14,CURITIBA,115,5.368250000000001,10.995416666666667,12.9635,2702.975,5.176,2,GASOLINA COMUM,PR
2021-04-14,PORTO ALEGRE,146,2.4908783783783783,4.821418918918919,16.532905405405405,3351.0202702702704,5.544,2,GASOLINA COMUM,RS
2021-04-14,RIO DE JANEIRO,384,7.873120393120393,12.696732186732186,22.050221130221132,3641.181818181818,6.016,2,GASOLINA COMUM,RJ
2021-04-14,SÃO PAULO,812,7.804280575539567,12.876534772182255,28.71503597122302,3066.0575539568345,5.206,2,GASOLINA COMUM,SP
2021-04-15,CURITIBA,134,2.620633802816901,7.61669014084507,14.916901408450704,3207.021126760563,5.176,3,GASOLINA COMUM,PR
2021-04-15,PORTO ALEGRE,180,2.0946524064171124,4.402192513368984,17.17005347593583,3680.711229946524,5.543999999999999,3,GASOLINA COMUM,RS
2021-04-15,RIO DE JANEIRO,491,6.631689587426327,11.402927308447937,56.71813359528487,3192.575638506876,6.016,3,GASOLINA COMUM,RJ
2021-04-15,SÃO PAULO,920,6.69769722814499,11.77408315565032,19.814712153518123,3008.6151385927506,5.206,3,GASOLINA COMUM,SP
2021-04-16,CURITIBA,157,3.5870285714285717,7.944685714285714,113.18828571428571,3048.92,5.176,4,GASOLINA COMUM,PR
2021-04-16,PORTO ALEGRE,247,2.565763358778626,5.232709923664122,63.863282442748094,3710.1030534351144,5.544,4,GASOLINA COMUM,RS
2021-04-16,RIO DE JANEIRO,583,6.20366612111293,11.2281178396072,122.6124713584288,2808.1833060556464,6.016,4,GASOLINA COMUM,RJ
2021-04-16,SÃO PAULO,1135,11.417705053852528,16.22619718309859,51.16441590720795,2954.0389395194697,5.206,4,GASOLINA COMUM,SP
2021-04-17,CURITIBA,186,3.2229716981132075,7.967641509433963,14.595330188679245,3194.2688679245284,5.176,5,GASOLINA COMUM,PR
2021-04-17,PORTO ALEGRE,256,1.878851851851852,4.208814814814814,16.609185185185183,3655.874074074074,5.544,5,GASOLINA COMUM,RS
2021-04-17,RIO DE JANEIRO,644,4.959795321637427,9.585175438596492,19.366008771929824,2880.8625730994154,6.016000000000001,5,GASOLINA COMUM,RJ
2021-04-17,SÃO PAULO,1295,7.876574344023323,12.448097667638484,33.4936443148688,2875.2456268221576,5.206,5,GASOLINA COMUM,SP
2021-04-18,CURITIBA,232,5.612707006369427,10.887898089171975,15.444999999999999,3313.5286624203823,5.225,6,GASOLINA COMUM,PR
2021-04-18,PORTO ALEGRE,235,2.3236776859504134,5.108429752066116,16.50297520661157,3582.3305785123966,5.62,6,GASOLINA COMUM,RS
2021-04-18,RIO DE JANEIRO,698,4.300066844919786,8.610975935828877,19.53636363636364,2807.8529411764707,6.071000000000001,6,GASOLINA COMUM,RJ
2021-04-18,SÃO PAULO,1189,7.560764430577223,11.800834633385335,20.425163806552263,2845.361154446178,5.205,6,GASOLINA COMUM,SP
2021-04-19,CURITIBA,150,3.633272727272727,8.860909090909091,14.020484848484848,3099.4424242424243,5.225,0,GASOLINA COMUM,PR
2021-04-19,PORTO ALEGRE,151,2.3888961038961036,4.362272727272727,15.853636363636364,3098.6753246753246,5.62,0,GASOLINA COMUM,RS
2021-04-19,RIO DE JANEIRO,385,4.464939467312349,9.919418886198548,18.776610169491526,2938.8765133171914,6.071,0,GASOLINA COMUM,RJ
2021-04-19,SÃO PAULO,686,10.643756830601093,15.487704918032787,19.48315573770492,2849.1502732240438,5.205,0,GASOLINA COMUM,SP
2021-04-20,CURITIBA,198,3.2860576923076925,8.236875,14.59158653846154,2888.201923076923,5.225,1,GASOLINA COMUM,PR
2021-04-20,PORTO ALEGRE,176,3.361413612565445,5.998586387434555,277.7561256544503,3422.6439790575914,5.62,1,GASOLINA COMUM,RS
2021-04-20,RIO DE JANEIRO,413,8.686546275395033,13.865959367945823,20.301580135440183,3208.993227990971,6.071,1,GASOLINA COMUM,RJ
2021-04-20,SÃO PAULO,951,8.437636003956479,13.110197823936696,20.48314540059347,2798.570722057369,5.205,1,GASOLINA COMUM,SP
2021-04-21,CURITIBA,230,4.015314960629921,9.389330708661417,15.184409448818899,3082.8385826771655,5.225,2,GASOLINA COMUM,PR
2021-04-21,PORTO ALEGRE,272,2.5440636042402827,5.824028268551237,16.635371024734983,3529.7773851590105,5.62,2,GASOLINA COMUM,RS
2021-04-21,RIO DE JANEIRO,536,7.135135593220339,11.84677966101695,20.17357627118644,2806.193220338983,6.071,2,GASOLINA COMUM,RJ
2021-04-21,SÃO PAULO,1256,7.337213855421687,12.243381024096387,19.106024096385543,2808.1121987951806,5.205,2,GASOLINA COMUM,SP
2021-04-22,CURITIBA,169,3.3458620689655167,7.415114942528736,12.884770114942528,2710.862068965517,5.225,3,GASOLINA COMUM,PR
2021-04-22,PORTO ALEGRE,169,1.7501176470588233,4.008,15.702588235294119,3101.764705882353,5.62,3,GASOLINA COMUM,RS
2021-04-22,RIO DE JANEIRO,443,9.27171548117155,13.50387029288703,42.04512552301256,2810.6234309623433,6.070999999999999,3,GASOLINA COMUM,RJ
2021-04-22,SÃO PAULO,836,6.869883855981417,11.360325203252032,20.11555168408827,2986.0662020905925,5.205,3,GASOLINA COMUM,SP
2021-04-23,CURITIBA,216,2.9005042016806724,7.900252100840336,14.220714285714287,2963.873949579832,5.225,4,GASOLINA COMUM,PR
2021-04-23,PORTO ALEGRE,254,2.495977011494253,4.7299616858237545,15.256704980842912,3261.0191570881225,5.62,4,GASOLINA COMUM,RS
2021-04-23,RIO DE JANEIRO,550,4.920910652920963,9.29139175257732,43.89917525773196,3141.3900343642613,6.071,4,GASOLINA COMUM,RJ
2021-04-23,SÃO PAULO,1274,7.121128787878788,12.0305,19.89737121212121,2964.6901515151517,5.205,4,GASOLINA COMUM,SP
2021-04-24,CURITIBA,204,2.5864114832535883,7.193684210526316,14.691483253588517,3353.028708133971,5.225,5,GASOLINA COMUM,PR
2021-04-24,PORTO ALEGRE,243,1.6151821862348177,3.887732793522267,15.183765182186235,3540.182186234818,5.62,5,GASOLINA COMUM,RS
2021-04-24,RIO DE JANEIRO,554,4.193003412969283,8.381638225255973,18.664453924914678,3073.184300341297,6.071,5,GASOLINA COMUM,RJ
2021-04-24,SÃO PAULO,1220,8.485539682539681,12.957619047619048,18.56220634920635,2804.831746031746,5.205,5,GASOLINA COMUM,SP
2021-04-25,CURITIBA,256,2.940354609929078,7.361418439716313,54.79397163120567,3137.049645390071,5.311,6,GASOLINA COMUM,PR
2021-04-25,PORTO ALEGRE,179,2.975828877005348,6.865347593582888,104.25,3550.807486631016,5.781,6,GASOLINA COMUM,RS
2021-04-25,RIO DE JANEIRO,597,5.53044094488189,9.389811023622046,18.134362204724408,2890.6220472440946,6.099,6,GASOLINA COMUM,RJ
2021-04-25,SÃO PAULO,1150,5.6815094339622645,11.64008203445447,21.412100082034453,2976.931911402789,5.265,6,GASOLINA COMUM,SP
2021-04-26,CURITIBA,199,3.138018433179724,8.017188940092167,17.050552995391705,3134.36866359447,5.311,0,GASOLINA COMUM,PR
2021-04-26,PORTO ALEGRE,158,1.9134375,4.014,16.8829375,3564.425,5.781,0,GASOLINA COMUM,RS
2021-04-26,RIO DE JANEIRO,368,4.399798488664987,8.595692695214105,20.698715365239295,3192.876574307305,6.098999999999999,0,GASOLINA COMUM,RJ
2021-04-26,SÃO PAULO,703,7.1072334682861,15.811673414304995,42.725425101214576,3346.6032388663966,5.265,0,GASOLINA COMUM,SP
2021-04-27,CURITIBA,167,2.1629714285714283,6.8644,13.5968,3136.074285714286,5.311,1,GASOLINA COMUM,PR
2021-04-27,PORTO ALEGRE,178,2.226850828729282,4.611546961325967,14.497955801104974,3308.988950276243,5.781,1,GASOLINA COMUM,RS
2021-04-27,RIO DE JANEIRO,393,5.151452380952382,9.857642857142856,19.94238095238095,2770.3785714285714,6.099,1,GASOLINA COMUM,RJ
2021-04-27,SÃO PAULO,713,5.557896879240163,14.076824966078698,21.157245590230666,3080.6580732700136,5.265,1,GASOLINA COMUM,SP
2021-04-28,CURITIBA,166,1.8984393063583815,5.935953757225434,14.044161849710981,2929.6184971098264,5.311,2,GASOLINA COMUM,PR
2021-04-28,PORTO ALEGRE,186,2.295159574468085,4.775159574468085,16.868510638297874,3671.372340425532,5.781,2,GASOLINA COMUM,RS
2021-04-28,RIO DE JANEIRO,459,7.427861507128309,12.160285132382892,72.90466395112017,3046.1771894093686,6.099,2,GASOLINA COMUM,RJ
2021-04-28,SÃO PAULO,769,10.196129441624366,19.44271573604061,25.308274111675125,3283.931472081218,5.265,2,GASOLINA COMUM,SP
2021-04-29,CURITIBA,157,3.1180473372781066,7.797278106508876,13.716982248520711,2865.769230769231,5.311,3,GASOLINA COMUM,PR
2021-04-29,PORTO ALEGRE,218,2.0078222222222224,4.4905333333333335,17.129155555555556,3510.2044444444446,5.781,3,GASOLINA COMUM,RS
2021-04-29,RIO DE JANEIRO,525,5.187586206896552,9.580562613430128,19.27840290381125,2868.3575317604354,6.099,3,GASOLINA COMUM,RJ
2021-04-29,SÃO PAULO,848,6.425262557077625,11.458618721461187,21.194029680365297,3093.8002283105025,5.265,3,GASOLINA COMUM,SP
2021-04-30,CURITIBA,167,2.140520231213873,6.6401156069364164,14.053583815028901,2804.543352601156,5.311,4,GASOLINA COMUM,PR
2021-04-30,PORTO ALEGRE,255,2.1669767441860466,4.569651162790698,17.33406976744186,3389.3875968992247,5.781,4,GASOLINA COMUM,RS
2021-04-30,RIO DE JANEIRO,497,4.069448669201521,8.203136882129279,22.055760456273763,2690.3231939163497,6.099,4,GASOLINA COMUM,RJ
2021-04-30,SÃO PAULO,1045,6.254320074005551,11.478862164662349,31.417141535615173,3046.13691026827,5.265,4,GASOLINA COMUM,SP
